{"data": {"rank": 7, "pkd_code": "37", "branch_name": "Nieznany dział", "final_index": 0.8142897607973636, "category": "Bardzo dobra kondycja", "size_score": 0.9769931666666666, "growth_score": 1.0, "profitability_score": 0.2443362770779035, "debt_score": 0.8001591469896642, "risk_score": 1.0, "revenue_growth_yoy": 0.0855159412554639, "profit_growth_yoy": 2.178095075239398, "profit_margin": 0.0244336277077903, "debt_to_assets": 0.1998408530103358, "bankruptcy_rate": 0.0, "num_companies": 405}, "expires_at": "2025-12-07T03:13:21.120976"}