{"data": {"rank": 3, "pkd_code": "38", "branch_name": "Nieznany dział", "final_index": 0.8990424538364203, "category": "Bardzo dobra kondycja", "size_score": 1.0, "growth_score": 0.8341206912917514, "profitability_score": 0.8568634777671557, "debt_score": 0.9202198184966092, "risk_score": 0.9055330634278004, "revenue_growth_yoy": 0.1418810901867126, "profit_growth_yoy": 0.1669464417891508, "profit_margin": 0.0856863477767155, "debt_to_assets": 0.0797801815033907, "bankruptcy_rate": 0.0094466936572199, "num_companies": 741}, "expires_at": "2025-12-07T03:34:54.102280"}