{"data": {"rank": 10, "pkd_code": "58", "branch_name": "Działalność wydawnicza", "final_index": 0.807529499480647, "category": "Bardzo dobra kondycja", "size_score": 0.8888243, "growth_score": 0.6827495534834144, "profitability_score": 1.0, "debt_score": 0.973558485659492, "risk_score": 0.5652173913043479, "revenue_growth_yoy": 0.101505397815517, "profit_growth_yoy": 0.1114638025040387, "profit_margin": 0.1267017770779035, "debt_to_assets": 0.026441514340508, "bankruptcy_rate": 0.0434782608695652, "num_companies": 253}, "expires_at": "2025-12-07T03:34:54.201989"}