{"data": {"rank": 33, "pkd_code": "02", "branch_name": "Leśnictwo i pozyskiwanie drewna", "final_index": 0.6757451620053261, "category": "Dobra kondycja", "size_score": 1.0, "growth_score": 0.2160360281643515, "profitability_score": 0.4983725279127782, "debt_score": 0.9974713633319524, "risk_score": 0.8622047244094488, "revenue_growth_yoy": -0.0609140808257221, "profit_growth_yoy": 0.0162605869993605, "profit_margin": 0.0498372527912778, "debt_to_assets": 0.0025286366680476, "bankruptcy_rate": 0.0137795275590551, "num_companies": 508}, "expires_at": "2025-12-07T03:16:34.055524"}