{"data": {"rank": 15, "pkd_code": "62", "branch_name": "Działalność związana z oprogramowaniem i doradztwem w zakresie informatyki oraz działalność powiązana", "final_index": 0.7826095433409865, "category": "Bardzo dobra kondycja", "size_score": 1.0, "growth_score": 0.6477215753807338, "profitability_score": 0.6214368421311225, "debt_score": 0.97436542829956, "risk_score": 0.7511848341232228, "revenue_growth_yoy": 0.0859931637312923, "profit_growth_yoy": 0.1109630903800757, "profit_margin": 0.0621436842131122, "debt_to_assets": 0.02563457170044, "bankruptcy_rate": 0.0248815165876777, "num_companies": 1688}, "expires_at": "2025-12-07T03:34:54.209969"}