{"data": {"rank": 13, "pkd_code": "30", "branch_name": "Produkcja mebli", "final_index": 0.7976444302011881, "category": "Bardzo dobra kondycja", "size_score": 1.0, "growth_score": 0.8082591914214662, "profitability_score": 0.4996966174771628, "debt_score": 0.9290410389661636, "risk_score": 0.7814207650273224, "revenue_growth_yoy": 0.1449139784919181, "profit_growth_yoy": 0.1376053152954832, "profit_margin": 0.0499696617477162, "debt_to_assets": 0.0709589610338364, "bankruptcy_rate": 0.0218579234972677, "num_companies": 183}, "expires_at": "2025-12-07T03:19:33.575507"}