{"data": {"rank": 14, "pkd_code": "47", "branch_name": "Handel detaliczny, z wyłączeniem handlu pojazdami samochodowymi", "final_index": 0.7854569412245687, "category": "Bardzo dobra kondycja", "size_score": 1.0, "growth_score": 1.0, "profitability_score": 0.2976459839424445, "debt_score": 0.9803830103270028, "risk_score": 0.6443514644351465, "revenue_growth_yoy": 1.0796600565280376, "profit_growth_yoy": 0.7661365522652582, "profit_margin": 0.0297645983942444, "debt_to_assets": 0.0196169896729972, "bankruptcy_rate": 0.0355648535564853, "num_companies": 4780}, "expires_at": "2025-12-07T03:08:47.784477"}