{"data": {"rank": 2, "pkd_code": "08", "branch_name": "Pozostałe górnictwo", "final_index": 0.9062431091893144, "category": "Bardzo dobra kondycja", "size_score": 0.8148632333333333, "growth_score": 0.8849869694384209, "profitability_score": 1.0, "debt_score": 0.950243604505754, "risk_score": 0.8974358974358975, "revenue_growth_yoy": 0.1094052723484627, "profit_growth_yoy": 0.2776777277976531, "profit_margin": 0.1239545489801882, "debt_to_assets": 0.0497563954942459, "bankruptcy_rate": 0.0102564102564102, "num_companies": 195}, "expires_at": "2025-12-07T03:46:44.346639"}