{"data": {"rank": 6, "pkd_code": "86", "branch_name": "Opieka zdrowotna", "final_index": 0.8197537361483401, "category": "Bardzo dobra kondycja", "size_score": 1.0, "growth_score": 0.8608809258723904, "profitability_score": 0.4752238392732236, "debt_score": 0.9266978362163024, "risk_score": 0.8524203069657615, "revenue_growth_yoy": 0.1799190286749177, "profit_growth_yoy": 0.1149547759353158, "profit_margin": 0.0475223839273223, "debt_to_assets": 0.0733021637836975, "bankruptcy_rate": 0.0147579693034238, "num_companies": 1694}, "expires_at": "2025-12-07T03:05:35.793088"}