{"data": {"rank": 11, "pkd_code": "72", "branch_name": "Badania naukowe i prace rozwojowe", "final_index": 0.805733677743704, "category": "Bardzo dobra kondycja", "size_score": 1.0, "growth_score": 1.0, "profitability_score": 0.3059693068409141, "debt_score": 0.9721457843838164, "risk_score": 0.7435897435897436, "revenue_growth_yoy": 0.118154888519928, "profit_growth_yoy": 0.6082093181597122, "profit_margin": 0.0305969306840914, "debt_to_assets": 0.0278542156161835, "bankruptcy_rate": 0.0256410256410256, "num_companies": 351}, "expires_at": "2025-12-07T03:05:39.809023"}