{"data": {"rank": 8, "pkd_code": "21", "branch_name": "Produkcja podstawowych produktów farmaceutycznych i preparatów farmaceutycznych", "final_index": 0.8137015293113745, "category": "Bardzo dobra kondycja", "size_score": 1.0, "growth_score": 0.458662268873219, "profitability_score": 1.0, "debt_score": 0.9598652154519256, "risk_score": 0.7752808988764045, "revenue_growth_yoy": 0.0021307645477702, "profit_growth_yoy": 0.1085345128903566, "profit_margin": 0.1344736117797094, "debt_to_assets": 0.0401347845480744, "bankruptcy_rate": 0.0224719101123595, "num_companies": 89}, "expires_at": "2025-12-07T03:34:54.217946"}