{"data": {"rank": 1, "pkd_code": "69", "branch_name": "Działalność prawnicza i rachunkowo-księgowa", "final_index": 0.9362491953616454, "category": "Bardzo dobra kondycja", "size_score": 1.0, "growth_score": 1.0, "profitability_score": 1.0, "debt_score": 0.9693821973673592, "risk_score": 0.7042093287827076, "revenue_growth_yoy": 0.1450077608292371, "profit_growth_yoy": 0.5868451039606744, "profit_margin": 0.1170340941167514, "debt_to_assets": 0.0306178026326406, "bankruptcy_rate": 0.0295790671217292, "num_companies": 879}, "expires_at": "2025-12-07T03:58:56.893014"}